"","State","Year","rate_sum","Cause.Name","Deaths","Unemployment.Rate","Suicides"
"1","Alabama",2000,5.50348258706468,"Suicide",583,5.5,583
"2","Alabama",2005,5.18383084577114,"Suicide",535,5.18,535
"3","Alabama",2010,12.3606965174129,"Suicide",679,12.36,679
"4","Alabama",2015,7.03308457711443,"Suicide",750,7.03,750
"5","Arizona",2000,6.05055555555556,"Suicide",784,6.05,784
"6","Arizona",2005,6.59944444444444,"Suicide",945,6.6,945
"7","Arizona",2010,13.06,"Suicide",1093,13.06,1093
"8","Arizona",2015,8.79166666666667,"Suicide",1276,8.79,1276
"9","Arkansas",2000,4.83555555555556,"Suicide",349,4.84,349
"10","Arkansas",2005,6.08877777777778,"Suicide",400,6.09,400
"11","Arkansas",2010,9.10111111111111,"Suicide",447,9.1,447
"12","Arkansas",2015,6.016,"Suicide",577,6.02,577
"13","California",2000,6.27083333333333,"Suicide",2969,6.27,2969
"14","California",2005,6.81882183908046,"Suicide",3206,6.82,3206
"15","California",2010,13.893275862069,"Suicide",3913,13.89,3913
"16","California",2015,7.56336206896552,"Suicide",4167,7.56,4167
"17","Colorado",2000,3.298828125,"Suicide",613,3.3,613
"18","Colorado",2005,4.92473958333333,"Suicide",800,4.92,800
"19","Colorado",2010,8.60859375,"Suicide",865,8.61,865
"20","Colorado",2015,4.02643229166667,"Suicide",1093,4.03,1093
"21","Connecticut",2000,2.30833333333333,"Suicide",304,2.31,304
"22","Connecticut",2005,4.759375,"Suicide",295,4.76,295
"23","Connecticut",2010,8.890625,"Suicide",353,8.89,353
"24","Connecticut",2015,5.48958333333333,"Suicide",384,5.49,384
"25","Delaware",2000,3.84722222222222,"Suicide",82,3.85,82
"26","Delaware",2005,3.93333333333333,"Suicide",83,3.93,83
"27","Delaware",2010,8.56388888888889,"Suicide",106,8.56,106
"28","Delaware",2015,5.04444444444444,"Suicide",122,5.04,122
"29","Hawaii",2000,4.47291666666667,"Suicide",137,4.47,137
"30","Hawaii",2005,2.94166666666667,"Suicide",107,2.94,107
"31","Hawaii",2010,8.27291666666667,"Suicide",207,8.27,207
"32","Hawaii",2015,3.92916666666667,"Suicide",201,3.93,201
"33","Idaho",2000,5.62272727272727,"Suicide",167,5.62,167
"34","Idaho",2005,4.6875,"Suicide",228,4.69,228
"35","Idaho",2010,9.52613636363636,"Suicide",290,9.53,290
"36","Idaho",2015,4.7032196969697,"Suicide",359,4.7,359
"37","Illinois",2000,4.55996732026144,"Suicide",1003,4.56,1003
"38","Illinois",2005,5.44174836601307,"Suicide",1086,5.44,1086
"39","Illinois",2010,9.89517973856209,"Suicide",1178,9.9,1178
"40","Illinois",2015,6.15580065359477,"Suicide",1363,6.16,1363
"41","Indiana",2000,3.32717391304348,"Suicide",683,3.33,683
"42","Indiana",2005,5.70570652173913,"Suicide",745,5.71,745
"43","Indiana",2010,10.7071557971014,"Suicide",864,10.71,864
"44","Indiana",2015,4.81186594202899,"Suicide",960,4.81,960
"45","Iowa",2000,2.79427609427609,"Suicide",289,2.79,289
"46","Iowa",2005,4.4246632996633,"Suicide",333,4.42,333
"47","Iowa",2010,6.12643097643098,"Suicide",372,6.13,372
"48","Iowa",2015,3.67727272727273,"Suicide",433,3.68,433
"49","Kansas",2000,3.30968253968254,"Suicide",325,3.31,325
"50","Kansas",2005,4.37753968253968,"Suicide",362,4.38,362
"51","Kansas",2010,6.0084126984127,"Suicide",401,6.01,401
"52","Kansas",2015,3.95626984126984,"Suicide",477,3.96,477
"53","Kentucky",2000,4.94229166666667,"Suicide",521,4.94,521
"54","Kentucky",2005,6.57263888888889,"Suicide",566,6.57,566
"55","Kentucky",2010,11.4534027777778,"Suicide",631,11.45,631
"56","Kentucky",2015,6.51361111111111,"Suicide",776,6.51,776
"57","Louisiana",2000,6.078125,"Suicide",468,6.08,468
"58","Louisiana",2005,7.6265625,"Suicide",505,7.63,505
"59","Louisiana",2010,9.0196875,"Suicide",557,9.02,557
"60","Louisiana",2015,7.3748046875,"Suicide",722,7.37,722
"61","Maine",2000,3.85989583333333,"Suicide",154,3.86,154
"62","Maine",2005,5.5515625,"Suicide",175,5.55,175
"63","Maine",2010,8.728125,"Suicide",186,8.73,186
"64","Maine",2015,4.91666666666667,"Suicide",235,4.92,235
"65","Maryland",2000,3.92430555555556,"Suicide",474,3.92,474
"66","Maryland",2005,4.36215277777778,"Suicide",472,4.36,472
"67","Maryland",2010,8.50277777777778,"Suicide",502,8.5,502
"68","Maryland",2015,5.77881944444444,"Suicide",553,5.78,553
"69","Massachusetts",2000,2.73333333333333,"Suicide",387,2.73,387
"70","Massachusetts",2005,4.67857142857143,"Suicide",480,4.68,480
"71","Massachusetts",2010,8.78571428571429,"Suicide",598,8.79,598
"72","Massachusetts",2015,5.42559523809524,"Suicide",642,5.43,642
"73","Michigan",2000,4.74096385542169,"Suicide",974,4.74,974
"74","Michigan",2005,7.58323293172691,"Suicide",1108,7.58,1108
"75","Michigan",2010,13.353313253012,"Suicide",1263,13.35,1263
"76","Michigan",2015,5.93975903614458,"Suicide",1410,5.94,1410
"77","Minnesota",2000,3.99588122605364,"Suicide",440,4,440
"78","Minnesota",2005,4.61312260536398,"Suicide",547,4.61,547
"79","Minnesota",2010,7.68323754789272,"Suicide",606,7.68,606
"80","Minnesota",2015,4.35124521072797,"Suicide",730,4.35,730
"81","Mississippi",2000,6.29390243902439,"Suicide",294,6.29,294
"82","Mississippi",2005,8.19237804878049,"Suicide",363,8.19,363
"83","Mississippi",2010,12.025406504065,"Suicide",388,12.03,388
"84","Mississippi",2015,7.71920731707317,"Suicide",431,7.72,431
"85","Missouri",2000,3.97652173913043,"Suicide",699,3.98,699
"86","Missouri",2005,5.49391304347826,"Suicide",727,5.49,727
"87","Missouri",2010,10.1611594202899,"Suicide",856,10.16,856
"88","Missouri",2015,5.42326086956522,"Suicide",1052,5.42,1052
"89","Montana",2000,5.2735119047619,"Suicide",158,5.27,158
"90","Montana",2005,4.68645833333333,"Suicide",206,4.69,206
"91","Montana",2010,6.58869047619048,"Suicide",227,6.59,227
"92","Montana",2015,4.2889880952381,"Suicide",272,4.29,272
"93","Nebraska",2000,2.87598566308244,"Suicide",193,2.88,193
"94","Nebraska",2005,3.46155913978495,"Suicide",187,3.46,187
"95","Nebraska",2010,4.32562724014337,"Suicide",193,4.33,193
"96","Nebraska",2015,2.87786738351255,"Suicide",223,2.88,223
"97","Nevada",2000,4.75147058823529,"Suicide",400,4.75,400
"98","Nevada",2005,4.36911764705882,"Suicide",480,4.37,480
"99","Nevada",2010,12.1083333333333,"Suicide",547,12.11,547
"100","Nevada",2015,6.86127450980392,"Suicide",558,6.86,558
"101","New Hampshire",2000,2.67916666666667,"Suicide",131,2.68,131
"102","New Hampshire",2005,3.4025,"Suicide",162,3.4,162
"103","New Hampshire",2010,5.79666666666667,"Suicide",196,5.8,196
"104","New Hampshire",2015,3.4225,"Suicide",228,3.42,228
"105","New Jersey",2000,3.80238095238095,"Suicide",560,3.8,560
"106","New Jersey",2005,4.5797619047619,"Suicide",536,4.58,536
"107","New Jersey",2010,9.95079365079365,"Suicide",719,9.95,719
"108","New Jersey",2015,6.0515873015873,"Suicide",789,6.05,789
"109","New Mexico",2000,5.70656565656566,"Suicide",327,5.71,327
"110","New Mexico",2005,5.5969696969697,"Suicide",342,5.6,342
"111","New Mexico",2010,8.71489898989899,"Suicide",413,8.71,413
"112","New Mexico",2015,7.24343434343434,"Suicide",500,7.24,500
"113","New York",2000,4.27352150537634,"Suicide",1132,4.27,1132
"114","New York",2005,4.94301075268817,"Suicide",1189,4.94,1189
"115","New York",2010,8.61102150537634,"Suicide",1547,8.61,1547
"116","New York",2015,5.58225806451613,"Suicide",1652,5.58,1652
"117","North Carolina",2000,4.32841666666667,"Suicide",971,4.33,971
"118","North Carolina",2005,5.68975,"Suicide",1009,5.69,1009
"119","North Carolina",2010,11.7134166666667,"Suicide",1174,11.71,1174
"120","North Carolina",2015,6.4425,"Suicide",1406,6.44,1406
"121","North Dakota",2000,3.45094339622641,"Suicide",68,3.45,68
"122","North Dakota",2005,3.95204402515723,"Suicide",92,3.95,92
"123","North Dakota",2010,3.97751572327044,"Suicide",106,3.98,106
"124","North Dakota",2015,3.25283018867925,"Suicide",124,3.25,124
"125","Ohio",2000,4.65625,"Suicide",1088,4.66,1088
"126","Ohio",2005,6.48882575757576,"Suicide",1341,6.49,1341
"127","Ohio",2010,11.4318181818182,"Suicide",1439,11.43,1439
"128","Ohio",2015,5.31458333333333,"Suicide",1650,5.31,1650
"129","Oklahoma",2000,3.27532467532468,"Suicide",497,3.28,497
"130","Oklahoma",2005,4.59837662337662,"Suicide",522,4.6,522
"131","Oklahoma",2010,7.16298701298701,"Suicide",618,7.16,618
"132","Oklahoma",2015,4.7465367965368,"Suicide",790,4.75,790
"133","Oregon",2000,6.21712962962963,"Suicide",493,6.22,493
"134","Oregon",2005,6.88981481481482,"Suicide",560,6.89,560
"135","Oregon",2010,11.4023148148148,"Suicide",685,11.4,685
"136","Oregon",2015,6.55162037037037,"Suicide",762,6.55,762
"137","Pennsylvania",2000,4.4660447761194,"Suicide",1356,4.47,1356
"138","Pennsylvania",2005,5.27773631840796,"Suicide",1430,5.28,1430
"139","Pennsylvania",2010,8.92089552238806,"Suicide",1576,8.92,1576
"140","Pennsylvania",2015,5.4726368159204,"Suicide",1894,5.47,1894
"141","Rhode Island",2000,3.77833333333333,"Suicide",75,3.78,75
"142","Rhode Island",2005,4.66166666666667,"Suicide",71,4.66,71
"143","Rhode Island",2010,10.435,"Suicide",129,10.44,129
"144","Rhode Island",2015,5.52833333333333,"Suicide",127,5.53,127
"145","South Carolina",2000,4.52699275362319,"Suicide",443,4.53,443
"146","South Carolina",2005,7.95525362318841,"Suicide",510,7.96,510
"147","South Carolina",2010,13.1507246376812,"Suicide",637,13.15,637
"148","South Carolina",2015,7.03967391304348,"Suicide",742,7.04,742
"149","South Dakota",2000,3.11590909090909,"Suicide",95,3.12,95
"150","South Dakota",2005,4.4790404040404,"Suicide",121,4.48,121
"151","South Dakota",2010,5.24936868686869,"Suicide",140,5.25,140
"152","South Dakota",2015,3.65643939393939,"Suicide",173,3.66,173
"153","Tennessee",2000,4.60149122807018,"Suicide",730,4.6,730
"154","Tennessee",2005,6.60666666666667,"Suicide",856,6.61,856
"155","Tennessee",2010,11.314298245614,"Suicide",943,11.31,943
"156","Tennessee",2015,6.73798245614035,"Suicide",1068,6.74,1068
"157","Texas",2000,4.69675196850394,"Suicide",2053,4.7,2053
"158","Texas",2010,7.97329396325459,"Suicide",2891,7.97,2891
"159","Texas",2015,4.7752624671916,"Suicide",3403,4.78,3403
"160","Utah",2000,4.18103448275862,"Suicide",298,4.18,298
"161","Utah",2005,4.63764367816092,"Suicide",348,4.64,348
"162","Utah",2010,8.53936781609195,"Suicide",473,8.54,473
"163","Utah",2015,4.7985632183908,"Suicide",630,4.8,630
"164","Vermont",2000,3.10595238095238,"Suicide",77,3.11,77
"165","Vermont",2005,3.72678571428571,"Suicide",78,3.73,78
"166","Vermont",2010,6.75595238095238,"Suicide",106,6.76,106
"167","Vermont",2015,4.21488095238095,"Suicide",103,4.21,103
"168","Virginia",2000,2.84580200501253,"Suicide",768,2.85,768
"169","Virginia",2005,4.29082706766917,"Suicide",866,4.29,866
"170","Virginia",2010,8.48045112781955,"Suicide",963,8.48,963
"171","Virginia",2015,5.140664160401,"Suicide",1118,5.14,1118
"172","Washington",2000,6.73995726495726,"Suicide",727,6.74,727
"173","Washington",2005,6.68418803418803,"Suicide",822,6.68,822
"174","Washington",2010,10.7724358974359,"Suicide",957,10.77,957
"175","Washington",2015,6.83568376068376,"Suicide",1137,6.84,1137
"176","West Virginia",2000,6.18272727272727,"Suicide",245,6.18,245
"177","West Virginia",2005,5.65681818181818,"Suicide",255,5.66,255
"178","West Virginia",2010,9.74712121212121,"Suicide",279,9.75,279
"179","West Virginia",2015,7.74378787878788,"Suicide",340,7.74,340
"180","Wisconsin",2000,3.98680555555556,"Suicide",590,3.99,590
"181","Wisconsin",2005,5.1568287037037,"Suicide",643,5.16,643
"182","Wisconsin",2010,9.38946759259259,"Suicide",793,9.39,793
"183","Wisconsin",2015,5.12662037037037,"Suicide",877,5.13,877
"184","Wyoming",2000,3.94528985507246,"Suicide",83,3.95,83
"185","Wyoming",2005,3.71159420289855,"Suicide",90,3.71,90
"186","Wyoming",2010,6.18188405797101,"Suicide",131,6.18,131
"187","Wyoming",2015,4.06884057971014,"Suicide",157,4.07,157
